alias,comp,cond_sterling,cond_rivera,legi_sterling,legi_rivera,cond_rivera_original,legi_rivera_original
0001,marble,fair,good,poor,poor,2_sound_displaced,4_traces
0002,marble,fair,good,poor,poor,1_sound_in_situ_or_leaning,4_traces
0003,marble,fair,good,poor,fair,2_sound_displaced,3_mainly_legible
0004,marble,fair,good,poor,poor,1_sound_in_situ_or_leaning,4_traces
0005,marble,fair,good,poor,fair,1_sound_in_situ_or_leaning,3_mainly_legible
0006,marble,fair,good,poor,fair,1_sound_in_situ_or_leaning,3_mainly_legible
0007,marble,poor,fair,poor,fair,3_falling_apart_incomplete_recognizable,3_mainly_legible
0008,slate,good,good,good,good,1_sound_in_situ_or_leaning,1_mint
0009,slate,good,good,good,good,1_sound_in_situ_or_leaning,1_mint
0010,marble,good,good,fair,good,1_sound_in_situ_or_leaning,2_all_legible
0011,,,gone,,,6_in_sterling_no_longer_identifiable_on_site,
0012,,,gone,,,6_in_sterling_no_longer_identifiable_on_site,
0013,slate,good,good,good,good,1_sound_in_situ_or_leaning,2_all_legible
0014,,,gone,,,6_in_sterling_no_longer_identifiable_on_site,
0015,slate,good,good,good,good,1_sound_in_situ_or_leaning,2_all_legible
0016,slate,good,good,good,good,1_sound_in_situ_or_leaning,1_mint
0017,slate,good,good,good,good,1_sound_in_situ_or_leaning,1_mint
0018,slate,good,good,good,good,1_sound_in_situ_or_leaning,1_mint
0019,slate,good,good,good,good,1_sound_in_situ_or_leaning,1_mint
0020,marble,good,good,fair,fair,1_sound_in_situ_or_leaning,3_mainly_legible
0021,marble,fair,good,fair,fair,1_sound_in_situ_or_leaning,3_mainly_legible
0022,slate,good,good,good,good,1_sound_in_situ_or_leaning,1_mint
0023,slate,fair,good,good,good,2_sound_displaced,1_mint
0024,marble,fair,good,poor,poor,1_sound_in_situ_or_leaning,4_traces
0025,marble,fair,good,poor,poor,1_sound_in_situ_or_leaning,5_illegible_destroyed
0026,marble,fair,good,fair,fair,1_sound_in_situ_or_leaning,3_mainly_legible
0027,marble,fair,good,poor,poor,2_sound_displaced,4_traces
0028,marble,fair,good,poor,fair,1_sound_in_situ_or_leaning,3_mainly_legible
0029,marble,fair,good,poor,poor,1_sound_in_situ_or_leaning,4_traces
0030,marble,fair,good,poor,fair,1_sound_in_situ_or_leaning,3_mainly_legible
0031,marble,fair,good,fair,fair,1_sound_in_situ_or_leaning,3_mainly_legible
0032,marble,fair,good,fair,fair,1_sound_in_situ_or_leaning,3_mainly_legible
0033,marble,good,good,fair,good,1_sound_in_situ_or_leaning,2_all_legible
0034,slate,good,good,good,good,1_sound_in_situ_or_leaning,1_mint
0035,slate,good,good,good,fair,2_sound_displaced,3_mainly_legible
0036,marble,good,good,good,good,1_sound_in_situ_or_leaning,2_all_legible
0037,marble,fair,good,poor,unknown,2_sound_displaced,6_face_down
0038,slate,good,good,good,good,1_sound_in_situ_or_leaning,2_all_legible
0039,slate,good,good,good,good,1_sound_in_situ_or_leaning,1_mint
0040,,,gone,,,6_in_sterling_no_longer_identifiable_on_site,
0041,,,gone,,,6_in_sterling_no_longer_identifiable_on_site,
0042,,,gone,,,6_in_sterling_no_longer_identifiable_on_site,
0043,marble,fair,good,fair,fair,1_sound_in_situ_or_leaning,3_mainly_legible
0044,marble,fair,good,fair,fair,1_sound_in_situ_or_leaning,3_mainly_legible
0045,marble,fair,good,fair,fair,1_sound_in_situ_or_leaning,3_mainly_legible
0046,granite,good,good,good,good,1_sound_in_situ_or_leaning,1_mint
0047,marble,good,good,poor,poor,1_sound_in_situ_or_leaning,5_illegible_destroyed
0048,marble,fair,good,poor,fair,1_sound_in_situ_or_leaning,3_mainly_legible
0049,granite,good,good,good,good,1_sound_in_situ_or_leaning,1_mint
0050,sandstone,fair,good,fair,fair,1_sound_in_situ_or_leaning,3_mainly_legible
0051,marble,poor,fair,poor,poor,3_falling_apart_incomplete_recognizable,4_traces
0052,marble,fair,good,poor,poor,1_sound_in_situ_or_leaning,4_traces
0053,marble,good,good,good,fair,1_sound_in_situ_or_leaning,3_mainly_legible
0054,marble,fair,good,poor,poor,1_sound_in_situ_or_leaning,4_traces
0055,marble,fair,good,poor,poor,2_sound_displaced,4_traces
0056,marble,fair,good,poor,fair,1_sound_in_situ_or_leaning,3_mainly_legible
0057,marble,fair,good,good,fair,2_sound_displaced,3_mainly_legible
0058,marble,fair,good,good,unknown,2_sound_displaced,6_face_down
0059,marble,poor,good,poor,poor,1_sound_in_situ_or_leaning,5_illegible_destroyed
0060,marble,fair,fair,poor,unknown,3_falling_apart_incomplete_recognizable,6_face_down
0061,slate,poor,gone,good,,6_in_sterling_no_longer_identifiable_on_site,
0062,marble,poor,fair,poor,poor,3_falling_apart_incomplete_recognizable,4_traces
0063,,,gone,,,6_in_sterling_no_longer_identifiable_on_site,
0064,marble,good,good,good,unknown,2_sound_displaced,6_face_down
0065,marble,good,good,good,unknown,2_sound_displaced,6_face_down
0066,marble,good,good,good,fair,1_sound_in_situ_or_leaning,3_mainly_legible
0067,slate,good,good,good,fair,1_sound_in_situ_or_leaning,3_mainly_legible
0068,marble,fair,good,fair,fair,1_sound_in_situ_or_leaning,3_mainly_legible
0069,slate,good,good,good,good,1_sound_in_situ_or_leaning,1_mint
0070,slate,good,good,good,good,1_sound_in_situ_or_leaning,1_mint
0071,slate,good,good,good,good,1_sound_in_situ_or_leaning,1_mint
0072,slate,good,good,good,good,1_sound_in_situ_or_leaning,1_mint
0073,marble,good,good,poor,fair,1_sound_in_situ_or_leaning,3_mainly_legible
0074,slate,good,good,good,good,1_sound_in_situ_or_leaning,1_mint
0075,marble,good,good,fair,unknown,2_sound_displaced,6_face_down
0076,marble,fair,good,fair,good,2_sound_displaced,2_all_legible
0077,marble,good,good,fair,fair,1_sound_in_situ_or_leaning,3_mainly_legible
0078,marble,good,good,fair,fair,1_sound_in_situ_or_leaning,3_mainly_legible
0079,marble,good,fair,fair,good,3_falling_apart_incomplete_recognizable,2_all_legible
0080,marble,good,good,good,unknown,2_sound_displaced,6_face_down
0081,marble,good,good,good,good,1_sound_in_situ_or_leaning,2_all_legible
0082,marble,good,good,fair,good,1_sound_in_situ_or_leaning,2_all_legible
0083,granite,good,good,good,good,1_sound_in_situ_or_leaning,1_mint
0084,marble,fair,good,poor,poor,1_sound_in_situ_or_leaning,4_traces
0085,marble,good,good,poor,good,1_sound_in_situ_or_leaning,2_all_legible
0086,,,gone,,,6_in_sterling_no_longer_identifiable_on_site,
0087,slate,good,good,good,good,1_sound_in_situ_or_leaning,2_all_legible
0088,slate,good,good,good,good,1_sound_in_situ_or_leaning,1_mint
0089,slate,good,good,good,good,1_sound_in_situ_or_leaning,1_mint
0090,slate,good,good,good,good,1_sound_in_situ_or_leaning,1_mint
0091,granite,good,good,good,good,1_sound_in_situ_or_leaning,1_mint
0092,,,gone,,,6_in_sterling_no_longer_identifiable_on_site,
0093,slate,poor,fair,fair,poor,3_falling_apart_incomplete_recognizable,4_traces
0094,slate,good,good,good,good,2_sound_displaced,1_mint
0095,slate,good,good,good,good,1_sound_in_situ_or_leaning,1_mint
0096,slate,good,good,good,good,1_sound_in_situ_or_leaning,1_mint
0097,slate,good,good,good,good,1_sound_in_situ_or_leaning,1_mint
0098,marble,fair,good,poor,poor,1_sound_in_situ_or_leaning,4_traces
0099,marble,fair,good,poor,unknown,2_sound_displaced,6_face_down
0100,marble,fair,good,fair,fair,2_sound_displaced,3_mainly_legible
0101,marble,poor,fair,poor,poor,3_falling_apart_incomplete_recognizable,5_illegible_destroyed
0102,granite,good,good,good,good,1_sound_in_situ_or_leaning,1_mint
0103,granite,good,good,good,good,1_sound_in_situ_or_leaning,1_mint
0104,slate,good,good,good,fair,1_sound_in_situ_or_leaning,3_mainly_legible
0105,marble,fair,good,poor,poor,1_sound_in_situ_or_leaning,4_traces
0106,marble,fair,fair,poor,poor,3_falling_apart_incomplete_recognizable,4_traces
0107,slate,good,good,good,good,1_sound_in_situ_or_leaning,1_mint
0108,marble,fair,good,poor,fair,1_sound_in_situ_or_leaning,3_mainly_legible
0109,marble,good,good,fair,good,1_sound_in_situ_or_leaning,2_all_legible
0110,slate,good,good,good,good,1_sound_in_situ_or_leaning,2_all_legible
0111,slate,good,good,good,good,1_sound_in_situ_or_leaning,2_all_legible
0112,slate,good,good,good,good,1_sound_in_situ_or_leaning,1_mint
0113,slate,good,good,good,good,1_sound_in_situ_or_leaning,1_mint
0114,slate,good,good,good,good,1_sound_in_situ_or_leaning,1_mint
0115,marble,poor,good,poor,poor,1_sound_in_situ_or_leaning,5_illegible_destroyed
0116,slate,good,good,good,good,1_sound_in_situ_or_leaning,1_mint
0117,marble,poor,fair,fair,poor,3_falling_apart_incomplete_recognizable,4_traces
0118,marble,fair,good,poor,poor,1_sound_in_situ_or_leaning,5_illegible_destroyed
0119,marble,fair,good,fair,poor,2_sound_displaced,4_traces
0120,marble,poor,fair,fair,poor,3_falling_apart_incomplete_recognizable,4_traces
0121,marble,good,good,fair,unknown,2_sound_displaced,6_face_down
0122,marble,good,good,fair,good,1_sound_in_situ_or_leaning,2_all_legible
0123,marble,good,good,fair,fair,1_sound_in_situ_or_leaning,3_mainly_legible
0124,marble,good,good,good,good,1_sound_in_situ_or_leaning,2_all_legible
0125,marble,poor,poor,fair,unknown,4_collapsed_form_unknown,6_face_down
0126,marble,fair,good,fair,fair,1_sound_in_situ_or_leaning,3_mainly_legible
0127,marble,fair,good,poor,poor,1_sound_in_situ_or_leaning,4_traces
0128,marble,fair,good,poor,poor,2_sound_displaced,4_traces
0129,marble,fair,good,poor,poor,1_sound_in_situ_or_leaning,4_traces
0130,marble,good,good,good,fair,1_sound_in_situ_or_leaning,3_mainly_legible
0131,marble,good,good,good,good,1_sound_in_situ_or_leaning,1_mint
0132,marble,good,good,good,poor,1_sound_in_situ_or_leaning,4_traces
0133,granite,good,good,good,good,1_sound_in_situ_or_leaning,1_mint
0134,granite,good,good,good,good,1_sound_in_situ_or_leaning,1_mint
0135,marble,fair,good,good,fair,1_sound_in_situ_or_leaning,3_mainly_legible
0136,granite,good,good,good,good,1_sound_in_situ_or_leaning,1_mint
0137,marble,fair,good,good,good,1_sound_in_situ_or_leaning,2_all_legible
0138,granite,good,good,good,good,1_sound_in_situ_or_leaning,1_mint
0139,marble,fair,good,poor,poor,1_sound_in_situ_or_leaning,4_traces
0140,marble,poor,good,poor,poor,1_sound_in_situ_or_leaning,5_illegible_destroyed
0141,marble,poor,good,poor,poor,1_sound_in_situ_or_leaning,5_illegible_destroyed
0142,marble,poor,good,poor,fair,1_sound_in_situ_or_leaning,3_mainly_legible
0143,marble,poor,good,poor,poor,1_sound_in_situ_or_leaning,4_traces
0144,marble,good,fair,good,fair,3_falling_apart_incomplete_recognizable,3_mainly_legible
0145,marble,fair,good,fair,good,1_sound_in_situ_or_leaning,2_all_legible
0146,marble,poor,good,poor,poor,1_sound_in_situ_or_leaning,5_illegible_destroyed
0147,marble,fair,good,poor,poor,1_sound_in_situ_or_leaning,4_traces
0148,marble,poor,gone,poor,,6_in_sterling_no_longer_identifiable_on_site,
0149,marble,poor,good,fair,good,1_sound_in_situ_or_leaning,2_all_legible
0150,slate,good,good,good,good,1_sound_in_situ_or_leaning,2_all_legible
0151,slate,good,good,good,good,1_sound_in_situ_or_leaning,2_all_legible
0152,slate,good,good,good,good,1_sound_in_situ_or_leaning,1_mint
0153,slate,good,good,good,good,1_sound_in_situ_or_leaning,1_mint
0154,slate,good,good,good,good,1_sound_in_situ_or_leaning,1_mint
0155,slate,good,good,good,good,1_sound_in_situ_or_leaning,1_mint
0156,marble,,good,,poor,1_sound_in_situ_or_leaning,5_illegible_destroyed
0157,marble,fair,good,fair,fair,1_sound_in_situ_or_leaning,3_mainly_legible
0158,marble,fair,good,fair,poor,1_sound_in_situ_or_leaning,4_traces
0159,marble,poor,good,poor,fair,1_sound_in_situ_or_leaning,3_mainly_legible
0160,marble,poor,fair,fair,poor,3_falling_apart_incomplete_recognizable,5_illegible_destroyed
0161,slate,good,good,good,fair,1_sound_in_situ_or_leaning,3_mainly_legible
0162,slate,good,good,good,good,2_sound_displaced,1_mint
0163,slate,good,good,good,fair,1_sound_in_situ_or_leaning,3_mainly_legible
0164,slate,good,fair,good,good,3_falling_apart_incomplete_recognizable,2_all_legible
0165,slate,good,good,good,good,1_sound_in_situ_or_leaning,2_all_legible
0166,slate,good,good,good,fair,1_sound_in_situ_or_leaning,3_mainly_legible
0167,slate,good,good,good,fair,1_sound_in_situ_or_leaning,3_mainly_legible
0168,slate,good,good,good,good,1_sound_in_situ_or_leaning,1_mint
0169,slate,good,good,good,good,1_sound_in_situ_or_leaning,1_mint
0170,slate,good,fair,good,good,3_falling_apart_incomplete_recognizable,1_mint
0171,slate,good,gone,good,,6_in_sterling_no_longer_identifiable_on_site,
0172,slate,good,good,good,good,1_sound_in_situ_or_leaning,1_mint
0173,marble,fair,good,fair,fair,1_sound_in_situ_or_leaning,3_mainly_legible
0174,marble,fair,good,fair,poor,1_sound_in_situ_or_leaning,4_traces
0175,slate,good,good,good,good,1_sound_in_situ_or_leaning,1_mint
0176,slate,good,good,good,good,1_sound_in_situ_or_leaning,1_mint
0177,slate,good,good,good,good,1_sound_in_situ_or_leaning,1_mint
0178,marble,fair,good,fair,unknown,2_sound_displaced,6_face_down
0179,marble,poor,fair,fair,fair,3_falling_apart_incomplete_recognizable,3_mainly_legible
0180,marble,poor,good,poor,poor,1_sound_in_situ_or_leaning,5_illegible_destroyed
0181,marble,good,good,good,good,1_sound_in_situ_or_leaning,2_all_legible
0182,marble,good,good,good,good,1_sound_in_situ_or_leaning,2_all_legible
0183,marble,good,good,good,good,1_sound_in_situ_or_leaning,2_all_legible
0184,marble,poor,good,poor,poor,1_sound_in_situ_or_leaning,4_traces
0185,marble,poor,good,poor,poor,1_sound_in_situ_or_leaning,4_traces
0186,marble,poor,good,poor,fair,1_sound_in_situ_or_leaning,3_mainly_legible
0187,slate,fair,gone,good,,6_in_sterling_no_longer_identifiable_on_site,
0188,slate,good,good,good,poor,1_sound_in_situ_or_leaning,4_traces
0189,marble,fair,good,poor,poor,1_sound_in_situ_or_leaning,5_illegible_destroyed
0190,marble,poor,good,poor,poor,1_sound_in_situ_or_leaning,5_illegible_destroyed
0191,marble,poor,fair,poor,poor,3_falling_apart_incomplete_recognizable,5_illegible_destroyed
0192,marble,poor,good,poor,poor,1_sound_in_situ_or_leaning,5_illegible_destroyed
0193,marble,fair,good,fair,poor,1_sound_in_situ_or_leaning,4_traces
0194,marble,fair,good,poor,poor,1_sound_in_situ_or_leaning,4_traces
0195,marble,fair,good,fair,poor,1_sound_in_situ_or_leaning,4_traces
0196,granite,good,good,good,good,1_sound_in_situ_or_leaning,1_mint
0197,granite,good,good,good,good,1_sound_in_situ_or_leaning,1_mint
0198,marble,poor,good,poor,poor,1_sound_in_situ_or_leaning,5_illegible_destroyed
0199,marble,fair,good,poor,poor,1_sound_in_situ_or_leaning,5_illegible_destroyed
0200,marble,fair,fair,poor,poor,3_falling_apart_incomplete_recognizable,5_illegible_destroyed
0201,slate,good,good,good,fair,1_sound_in_situ_or_leaning,3_mainly_legible
0202,slate,poor,fair,poor,poor,3_falling_apart_incomplete_recognizable,4_traces
0203,slate,good,good,good,good,1_sound_in_situ_or_leaning,2_all_legible
0204,slate,good,good,good,good,1_sound_in_situ_or_leaning,2_all_legible
0205,slate,good,good,good,fair,1_sound_in_situ_or_leaning,3_mainly_legible
0206,slate,fair,good,good,good,1_sound_in_situ_or_leaning,1_mint
0207,slate,good,good,good,fair,1_sound_in_situ_or_leaning,3_mainly_legible
0208,slate,good,good,good,good,1_sound_in_situ_or_leaning,2_all_legible
0209,slate,good,good,good,good,1_sound_in_situ_or_leaning,1_mint
0210,slate,good,good,good,good,1_sound_in_situ_or_leaning,1_mint
0211,slate,good,good,good,good,1_sound_in_situ_or_leaning,1_mint
0212,slate,good,good,good,good,1_sound_in_situ_or_leaning,1_mint
0213,marble,fair,good,fair,fair,1_sound_in_situ_or_leaning,3_mainly_legible
0214,slate,good,good,good,good,1_sound_in_situ_or_leaning,2_all_legible
0215,slate,good,good,good,good,1_sound_in_situ_or_leaning,1_mint
0216,slate,good,good,good,good,1_sound_in_situ_or_leaning,2_all_legible
0217,marble,fair,good,fair,poor,1_sound_in_situ_or_leaning,4_traces
0218,slate,good,good,good,good,1_sound_in_situ_or_leaning,1_mint
0219,slate,poor,good,good,good,1_sound_in_situ_or_leaning,2_all_legible
0220,slate,fair,good,fair,fair,1_sound_in_situ_or_leaning,3_mainly_legible
0221,slate,good,good,good,fair,1_sound_in_situ_or_leaning,3_mainly_legible
0222,slate,good,good,good,fair,1_sound_in_situ_or_leaning,3_mainly_legible
0223,slate,good,good,good,good,1_sound_in_situ_or_leaning,2_all_legible
0224,slate,good,good,good,good,1_sound_in_situ_or_leaning,2_all_legible
0225,marble,poor,good,poor,poor,1_sound_in_situ_or_leaning,5_illegible_destroyed
0226,slate,good,good,good,good,1_sound_in_situ_or_leaning,1_mint
0227,slate,good,good,good,fair,1_sound_in_situ_or_leaning,3_mainly_legible
0228,,,gone,,,6_in_sterling_no_longer_identifiable_on_site,
0229,slate,good,good,good,good,1_sound_in_situ_or_leaning,2_all_legible
0230,slate,good,good,good,fair,1_sound_in_situ_or_leaning,3_mainly_legible
0231,slate,fair,good,fair,fair,1_sound_in_situ_or_leaning,3_mainly_legible
0232,marble,fair,good,poor,poor,1_sound_in_situ_or_leaning,5_illegible_destroyed
0233,marble,fair,good,fair,fair,1_sound_in_situ_or_leaning,3_mainly_legible
0234,slate,good,good,good,good,1_sound_in_situ_or_leaning,1_mint
0235,slate,good,good,good,good,1_sound_in_situ_or_leaning,1_mint
0236,slate,fair,good,good,good,1_sound_in_situ_or_leaning,2_all_legible
0237,granite,good,good,good,good,1_sound_in_situ_or_leaning,1_mint
0238,granite,good,good,good,good,1_sound_in_situ_or_leaning,1_mint
0239,granite,good,good,good,good,1_sound_in_situ_or_leaning,1_mint
0240,slate,good,good,good,good,1_sound_in_situ_or_leaning,2_all_legible
0241,slate,good,good,good,fair,2_sound_displaced,3_mainly_legible
0242,marble,fair,good,poor,fair,2_sound_displaced,3_mainly_legible
0243,,,gone,,,6_in_sterling_no_longer_identifiable_on_site,
0244,marble,fair,good,poor,poor,1_sound_in_situ_or_leaning,4_traces
0245,marble,fair,good,poor,fair,1_sound_in_situ_or_leaning,3_mainly_legible
0246,slate,good,good,good,good,1_sound_in_situ_or_leaning,2_all_legible
0247,slate,good,good,good,fair,1_sound_in_situ_or_leaning,3_mainly_legible
0248,marble,poor,fair,poor,poor,3_falling_apart_incomplete_recognizable,5_illegible_destroyed
0249,slate,fair,good,good,fair,1_sound_in_situ_or_leaning,3_mainly_legible
0250,marble,fair,poor,fair,poor,4_collapsed_form_unknown,5_illegible_destroyed
0251,marble,fair,good,good,good,1_sound_in_situ_or_leaning,2_all_legible
0252,marble,fair,good,poor,poor,1_sound_in_situ_or_leaning,5_illegible_destroyed
0253,marble,fair,good,poor,fair,1_sound_in_situ_or_leaning,3_mainly_legible
0254,marble,,gone,,,6_in_sterling_no_longer_identifiable_on_site,
0255,marble,fair,good,fair,fair,1_sound_in_situ_or_leaning,3_mainly_legible
0256,marble,,gone,,,6_in_sterling_no_longer_identifiable_on_site,
0257,,,good,,poor,1_sound_in_situ_or_leaning,4_traces
0258,,,gone,,,6_in_sterling_no_longer_identifiable_on_site,
0259,marble,fair,good,fair,fair,1_sound_in_situ_or_leaning,3_mainly_legible
0260,marble,fair,good,fair,fair,1_sound_in_situ_or_leaning,3_mainly_legible
0261,marble,fair,good,fair,good,1_sound_in_situ_or_leaning,2_all_legible
0262,,,gone,,,6_in_sterling_no_longer_identifiable_on_site,
0263,marble,fair,fair,good,fair,3_falling_apart_incomplete_recognizable,3_mainly_legible
0264,,,gone,,,6_in_sterling_no_longer_identifiable_on_site,
0265,marble,fair,gone,poor,,6_in_sterling_no_longer_identifiable_on_site,
0266,marble,fair,gone,poor,,6_in_sterling_no_longer_identifiable_on_site,
0267,marble,fair,gone,poor,,6_in_sterling_no_longer_identifiable_on_site,
0268,marble,fair,gone,poor,,6_in_sterling_no_longer_identifiable_on_site,
0269,,,gone,,,6_in_sterling_no_longer_identifiable_on_site,
0270,slate,good,good,good,good,1_sound_in_situ_or_leaning,1_mint
0271,slate,fair,good,good,good,1_sound_in_situ_or_leaning,2_all_legible
0272,slate,good,good,good,good,1_sound_in_situ_or_leaning,2_all_legible
0273,,,gone,,,6_in_sterling_no_longer_identifiable_on_site,
0274,,,gone,,,6_in_sterling_no_longer_identifiable_on_site,
0275,slate,good,good,good,good,1_sound_in_situ_or_leaning,1_mint
0276,slate,good,good,good,good,1_sound_in_situ_or_leaning,1_mint
0277,slate,good,good,good,fair,1_sound_in_situ_or_leaning,3_mainly_legible
0278,slate,fair,good,good,fair,1_sound_in_situ_or_leaning,3_mainly_legible
0279,slate,good,good,good,good,1_sound_in_situ_or_leaning,1_mint
0280,slate,good,good,good,good,1_sound_in_situ_or_leaning,1_mint
0281,slate,good,good,good,good,1_sound_in_situ_or_leaning,1_mint
0282,slate,good,good,good,good,1_sound_in_situ_or_leaning,1_mint
0283,slate,good,good,good,good,1_sound_in_situ_or_leaning,1_mint
0284,slate,good,good,good,good,1_sound_in_situ_or_leaning,2_all_legible
0285,,,gone,,,6_in_sterling_no_longer_identifiable_on_site,
0286,,,gone,,,6_in_sterling_no_longer_identifiable_on_site,
0287,marble,good,good,fair,poor,1_sound_in_situ_or_leaning,4_traces
0288,slate,good,good,good,good,1_sound_in_situ_or_leaning,1_mint
0289,marble,poor,good,poor,poor,1_sound_in_situ_or_leaning,5_illegible_destroyed
0290,slate,good,good,good,good,1_sound_in_situ_or_leaning,1_mint
0291,slate,good,good,good,good,1_sound_in_situ_or_leaning,1_mint
0292,slate,good,good,good,good,1_sound_in_situ_or_leaning,1_mint
0293,marble,fair,good,poor,poor,1_sound_in_situ_or_leaning,4_traces
0294,slate,good,good,good,fair,1_sound_in_situ_or_leaning,3_mainly_legible
0295,slate,good,good,good,good,1_sound_in_situ_or_leaning,2_all_legible
0296,,,gone,,,6_in_sterling_no_longer_identifiable_on_site,
0297,marble,good,good,good,poor,1_sound_in_situ_or_leaning,4_traces
0298,slate,good,good,good,good,1_sound_in_situ_or_leaning,2_all_legible
0299,marble,poor,good,poor,poor,1_sound_in_situ_or_leaning,5_illegible_destroyed
0300,marble,poor,good,poor,poor,1_sound_in_situ_or_leaning,5_illegible_destroyed
0301,slate,fair,good,good,good,1_sound_in_situ_or_leaning,2_all_legible
0302,,,gone,,,6_in_sterling_no_longer_identifiable_on_site,
0303,slate,good,good,good,good,1_sound_in_situ_or_leaning,2_all_legible
0304,marble,fair,good,fair,fair,1_sound_in_situ_or_leaning,3_mainly_legible
0305,marble,good,good,good,good,1_sound_in_situ_or_leaning,2_all_legible
0306,slate,good,good,good,good,1_sound_in_situ_or_leaning,2_all_legible
0307,slate,good,good,good,good,1_sound_in_situ_or_leaning,1_mint
0308,marble,fair,good,poor,poor,1_sound_in_situ_or_leaning,5_illegible_destroyed
0309,marble,fair,good,poor,poor,1_sound_in_situ_or_leaning,5_illegible_destroyed
0310,marble,poor,good,good,good,2_sound_displaced,1_mint
0311,marble,poor,fair,poor,fair,3_falling_apart_incomplete_recognizable,3_mainly_legible
0312,marble,fair,good,fair,fair,1_sound_in_situ_or_leaning,3_mainly_legible
0313,slate,good,good,good,good,1_sound_in_situ_or_leaning,1_mint
0314,slate,good,good,good,good,2_sound_displaced,1_mint
0315,marble,poor,good,poor,poor,1_sound_in_situ_or_leaning,4_traces
0316,slate,poor,fair,fair,good,3_falling_apart_incomplete_recognizable,2_all_legible
0317,marble,fair,fair,fair,poor,3_falling_apart_incomplete_recognizable,4_traces
0318,marble,fair,fair,fair,poor,3_falling_apart_incomplete_recognizable,4_traces
0319,marble,fair,fair,fair,fair,3_falling_apart_incomplete_recognizable,3_mainly_legible
0320,,,gone,,,6_in_sterling_no_longer_identifiable_on_site,
0321,,,gone,,,6_in_sterling_no_longer_identifiable_on_site,
0322,,,gone,,,6_in_sterling_no_longer_identifiable_on_site,
0323,granite,good,good,good,good,1_sound_in_situ_or_leaning,1_mint
0324,granite,good,good,good,good,1_sound_in_situ_or_leaning,1_mint
0325,marble,good,good,good,good,1_sound_in_situ_or_leaning,2_all_legible
0326,marble,good,good,good,good,2_sound_displaced,2_all_legible
0327,sandstone,poor,gone,poor,,6_in_sterling_no_longer_identifiable_on_site,
0328,marble,good,good,good,fair,1_sound_in_situ_or_leaning,3_mainly_legible
0329,marble,good,good,good,fair,1_sound_in_situ_or_leaning,3_mainly_legible
0330,marble,good,good,good,fair,1_sound_in_situ_or_leaning,3_mainly_legible
0331,marble,fair,good,fair,good,1_sound_in_situ_or_leaning,2_all_legible
0332,marble,fair,good,poor,poor,1_sound_in_situ_or_leaning,4_traces
0333,marble,fair,good,fair,fair,1_sound_in_situ_or_leaning,3_mainly_legible
0334,,,gone,,,6_in_sterling_no_longer_identifiable_on_site,
0335,marble,good,good,good,good,2_sound_displaced,2_all_legible
0336,marble,good,good,good,good,1_sound_in_situ_or_leaning,2_all_legible
0337,marble,fair,good,fair,good,1_sound_in_situ_or_leaning,2_all_legible
0338,marble,fair,good,poor,poor,2_sound_displaced,5_illegible_destroyed
0339,marble,fair,gone,fair,,6_in_sterling_no_longer_identifiable_on_site,
0340,marble,good,good,good,fair,2_sound_displaced,3_mainly_legible
0341,marble,good,good,good,good,2_sound_displaced,2_all_legible
0342,marble,good,good,good,good,2_sound_displaced,2_all_legible
0343,,,gone,,,6_in_sterling_no_longer_identifiable_on_site,
0344,marble,poor,good,poor,poor,1_sound_in_situ_or_leaning,5_illegible_destroyed
0345,marble,poor,gone,poor,,6_in_sterling_no_longer_identifiable_on_site,
0346,marble,poor,fair,poor,good,3_falling_apart_incomplete_recognizable,2_all_legible
0347,,,gone,,,6_in_sterling_no_longer_identifiable_on_site,
0348,marble,good,good,good,good,1_sound_in_situ_or_leaning,2_all_legible
0349,marble,good,good,poor,poor,1_sound_in_situ_or_leaning,4_traces
0350,marble,good,good,good,poor,2_sound_displaced,5_illegible_destroyed
0351,marble,good,good,good,fair,2_sound_displaced,3_mainly_legible
0352,marble,fair,good,fair,fair,1_sound_in_situ_or_leaning,3_mainly_legible
0353,marble,good,good,good,good,1_sound_in_situ_or_leaning,2_all_legible
0354,marble,fair,poor,fair,poor,4_collapsed_form_unknown,4_traces
0355,,,good,,,1_sound_in_situ_or_leaning,7_never_inscribed
0356,marble,good,good,good,good,1_sound_in_situ_or_leaning,2_all_legible
0357,granite,good,good,good,good,1_sound_in_situ_or_leaning,1_mint
0358,marble,fair,gone,poor,,6_in_sterling_no_longer_identifiable_on_site,
0359,marble,fair,good,fair,poor,2_sound_displaced,4_traces
0360,marble,fair,good,fair,fair,1_sound_in_situ_or_leaning,3_mainly_legible
0361,marble,fair,good,good,fair,2_sound_displaced,3_mainly_legible
0362,marble,fair,good,good,fair,2_sound_displaced,3_mainly_legible
0363,marble,,good,,fair,1_sound_in_situ_or_leaning,3_mainly_legible
0364,marble,fair,good,fair,fair,1_sound_in_situ_or_leaning,3_mainly_legible
0365,marble,poor,good,fair,fair,2_sound_displaced,3_mainly_legible
0366,marble,fair,fair,fair,fair,3_falling_apart_incomplete_recognizable,3_mainly_legible
0367,marble,poor,good,fair,poor,1_sound_in_situ_or_leaning,4_traces
0368,slate,fair,fair,good,good,3_falling_apart_incomplete_recognizable,1_mint
0369,slate,poor,fair,good,good,3_falling_apart_incomplete_recognizable,1_mint
0370,slate,good,good,good,good,1_sound_in_situ_or_leaning,2_all_legible
0371,slate,good,good,good,good,1_sound_in_situ_or_leaning,2_all_legible
0372,slate,fair,gone,good,,6_in_sterling_no_longer_identifiable_on_site,
0373,slate,good,good,good,fair,1_sound_in_situ_or_leaning,3_mainly_legible
0374,marble,fair,good,poor,poor,1_sound_in_situ_or_leaning,5_illegible_destroyed
0375,marble,poor,poor,poor,unknown,4_collapsed_form_unknown,6_face_down
0376,marble,poor,good,poor,poor,1_sound_in_situ_or_leaning,5_illegible_destroyed
0377,sandstone,poor,good,poor,fair,1_sound_in_situ_or_leaning,3_mainly_legible
0378,slate,good,good,good,good,1_sound_in_situ_or_leaning,1_mint
0379,marble,fair,good,fair,fair,1_sound_in_situ_or_leaning,3_mainly_legible
0380,sandstone,good,good,good,good,1_sound_in_situ_or_leaning,2_all_legible
0381,marble,fair,good,fair,fair,1_sound_in_situ_or_leaning,3_mainly_legible
0382,marble,fair,good,poor,poor,1_sound_in_situ_or_leaning,5_illegible_destroyed
0383,marble,fair,good,poor,poor,1_sound_in_situ_or_leaning,4_traces
0384,marble,fair,good,poor,poor,1_sound_in_situ_or_leaning,4_traces
0385,slate,good,good,good,good,1_sound_in_situ_or_leaning,1_mint
0386,slate,good,good,good,good,1_sound_in_situ_or_leaning,2_all_legible
0387,slate,fair,fair,good,good,3_falling_apart_incomplete_recognizable,2_all_legible
0388,slate,good,good,good,good,1_sound_in_situ_or_leaning,2_all_legible
0389,,,gone,,,6_in_sterling_no_longer_identifiable_on_site,
0390,,,gone,,,6_in_sterling_no_longer_identifiable_on_site,
0391,slate,good,good,fair,good,1_sound_in_situ_or_leaning,2_all_legible
0392,slate,good,good,good,good,1_sound_in_situ_or_leaning,2_all_legible
0393,slate,good,good,good,good,1_sound_in_situ_or_leaning,2_all_legible
0394,slate,good,good,good,good,2_sound_displaced,2_all_legible
0395,slate,good,good,good,good,1_sound_in_situ_or_leaning,1_mint
0396,slate,good,good,good,good,1_sound_in_situ_or_leaning,1_mint
0397,sandstone,poor,poor,poor,poor,4_collapsed_form_unknown,5_illegible_destroyed
0398,sandstone,fair,good,fair,poor,1_sound_in_situ_or_leaning,5_illegible_destroyed
0399,slate,good,good,good,good,1_sound_in_situ_or_leaning,2_all_legible
0400,slate,good,good,good,good,1_sound_in_situ_or_leaning,2_all_legible
0401,slate,good,good,good,good,1_sound_in_situ_or_leaning,2_all_legible
0402,slate,good,good,good,fair,1_sound_in_situ_or_leaning,3_mainly_legible
0403,slate,good,good,good,good,1_sound_in_situ_or_leaning,1_mint
0404,slate,fair,good,good,good,1_sound_in_situ_or_leaning,2_all_legible
0405,slate,good,good,good,good,1_sound_in_situ_or_leaning,2_all_legible
0406,slate,good,good,good,good,1_sound_in_situ_or_leaning,2_all_legible
0407,slate,good,good,good,fair,1_sound_in_situ_or_leaning,3_mainly_legible
0408,slate,good,good,good,good,1_sound_in_situ_or_leaning,2_all_legible
0409,slate,good,good,fair,good,1_sound_in_situ_or_leaning,2_all_legible
0410,slate,fair,good,poor,fair,1_sound_in_situ_or_leaning,3_mainly_legible
0411,slate,good,good,good,fair,1_sound_in_situ_or_leaning,3_mainly_legible
0412,slate,good,good,good,good,1_sound_in_situ_or_leaning,1_mint
0413,slate,good,good,good,fair,2_sound_displaced,3_mainly_legible
0414,slate,good,good,good,good,1_sound_in_situ_or_leaning,2_all_legible
0415,slate,good,good,good,fair,1_sound_in_situ_or_leaning,3_mainly_legible
0416,slate,good,good,good,good,1_sound_in_situ_or_leaning,2_all_legible
0417,slate,fair,good,good,fair,1_sound_in_situ_or_leaning,3_mainly_legible
0418,slate,good,good,good,good,1_sound_in_situ_or_leaning,2_all_legible
0419,slate,good,good,good,good,1_sound_in_situ_or_leaning,1_mint
0420,slate,good,good,good,good,1_sound_in_situ_or_leaning,2_all_legible
0421,slate,good,good,good,good,1_sound_in_situ_or_leaning,1_mint
0422,slate,good,good,good,good,1_sound_in_situ_or_leaning,1_mint
0423,marble,good,good,good,good,1_sound_in_situ_or_leaning,1_mint
0424,slate,good,good,good,good,1_sound_in_situ_or_leaning,1_mint
0425,marble,good,good,good,good,1_sound_in_situ_or_leaning,2_all_legible
0426,slate,good,good,good,good,1_sound_in_situ_or_leaning,2_all_legible
0427,slate,good,good,good,good,1_sound_in_situ_or_leaning,2_all_legible
0428,slate,good,good,good,good,1_sound_in_situ_or_leaning,2_all_legible
0429,slate,good,good,good,good,1_sound_in_situ_or_leaning,2_all_legible
0430,slate,good,good,good,good,1_sound_in_situ_or_leaning,2_all_legible
0431,slate,good,gone,good,,6_in_sterling_no_longer_identifiable_on_site,
0432,slate,good,good,good,fair,1_sound_in_situ_or_leaning,3_mainly_legible
0433,slate,fair,good,fair,fair,2_sound_displaced,3_mainly_legible
0434,slate,good,good,good,unknown,2_sound_displaced,6_face_down
0435,marble,good,good,good,fair,1_sound_in_situ_or_leaning,3_mainly_legible
0436,marble,fair,fair,fair,unknown,3_falling_apart_incomplete_recognizable,6_face_down
0437,marble,fair,good,fair,unknown,2_sound_displaced,6_face_down
0438,marble,fair,good,fair,unknown,2_sound_displaced,6_face_down
0439,marble,fair,good,fair,fair,1_sound_in_situ_or_leaning,3_mainly_legible
0440,marble,fair,good,poor,poor,1_sound_in_situ_or_leaning,4_traces
0441,slate,fair,good,fair,fair,1_sound_in_situ_or_leaning,3_mainly_legible
0442,slate,good,gone,good,,6_in_sterling_no_longer_identifiable_on_site,
0443,slate,good,good,good,fair,1_sound_in_situ_or_leaning,3_mainly_legible
0444,slate,good,good,good,poor,1_sound_in_situ_or_leaning,4_traces
0445,slate,good,good,good,fair,1_sound_in_situ_or_leaning,3_mainly_legible
0446,slate,good,good,good,fair,1_sound_in_situ_or_leaning,3_mainly_legible
0447,granite,good,good,good,good,1_sound_in_situ_or_leaning,1_mint
0448,marble,poor,good,poor,poor,2_sound_displaced,4_traces
0449,marble,fair,good,fair,good,1_sound_in_situ_or_leaning,2_all_legible
0450,marble,fair,good,fair,poor,2_sound_displaced,4_traces
0451,marble,fair,good,poor,poor,1_sound_in_situ_or_leaning,4_traces
0452,slate,good,good,good,good,1_sound_in_situ_or_leaning,2_all_legible
0453,slate,good,good,good,good,2_sound_displaced,2_all_legible
0454,slate,good,good,good,good,1_sound_in_situ_or_leaning,2_all_legible
0455,marble,good,good,good,good,1_sound_in_situ_or_leaning,1_mint
0456,marble,good,good,good,good,1_sound_in_situ_or_leaning,2_all_legible
0457,marble,good,good,good,good,1_sound_in_situ_or_leaning,1_mint
0458,marble,good,good,good,good,1_sound_in_situ_or_leaning,1_mint
0459,marble,fair,good,good,fair,1_sound_in_situ_or_leaning,3_mainly_legible
0460,marble,fair,good,good,good,1_sound_in_situ_or_leaning,2_all_legible
0461,marble,fair,good,poor,poor,1_sound_in_situ_or_leaning,5_illegible_destroyed
0462,marble,fair,fair,fair,poor,3_falling_apart_incomplete_recognizable,4_traces
0463,marble,fair,good,fair,fair,2_sound_displaced,3_mainly_legible
0464,marble,fair,good,fair,poor,1_sound_in_situ_or_leaning,4_traces
0465,marble,fair,good,poor,poor,1_sound_in_situ_or_leaning,4_traces
0466,granite,good,good,good,good,1_sound_in_situ_or_leaning,1_mint
0467,marble,poor,good,poor,fair,1_sound_in_situ_or_leaning,3_mainly_legible
0468,marble,fair,good,fair,poor,1_sound_in_situ_or_leaning,4_traces
0469,marble,fair,good,fair,good,1_sound_in_situ_or_leaning,1_mint
0470,marble,fair,good,fair,good,1_sound_in_situ_or_leaning,2_all_legible
0471,marble,good,good,good,good,1_sound_in_situ_or_leaning,2_all_legible
0472,marble,fair,good,fair,good,1_sound_in_situ_or_leaning,2_all_legible
0473,marble,fair,good,fair,fair,2_sound_displaced,3_mainly_legible
0474,marble,fair,good,poor,fair,1_sound_in_situ_or_leaning,3_mainly_legible
0475,marble,fair,good,poor,poor,1_sound_in_situ_or_leaning,4_traces
0476,marble,poor,poor,poor,unknown,4_collapsed_form_unknown,6_face_down
0477,marble,poor,fair,good,good,3_falling_apart_incomplete_recognizable,2_all_legible
0478,marble,poor,fair,poor,fair,3_falling_apart_incomplete_recognizable,3_mainly_legible
0479,slate,good,good,good,good,1_sound_in_situ_or_leaning,2_all_legible
0480,marble,poor,fair,poor,poor,3_falling_apart_incomplete_recognizable,4_traces
0481,marble,fair,good,poor,fair,2_sound_displaced,3_mainly_legible
0482,marble,fair,good,good,fair,1_sound_in_situ_or_leaning,3_mainly_legible
0483,marble,fair,good,poor,poor,1_sound_in_situ_or_leaning,4_traces
0484,granite,good,good,good,good,1_sound_in_situ_or_leaning,1_mint
0485,granite,good,good,good,good,2_sound_displaced,2_all_legible
0486,marble,fair,gone,poor,,6_in_sterling_no_longer_identifiable_on_site,
0487,marble,fair,good,poor,poor,1_sound_in_situ_or_leaning,4_traces
0488,marble,fair,good,poor,poor,1_sound_in_situ_or_leaning,4_traces
0489,marble,fair,good,poor,fair,1_sound_in_situ_or_leaning,3_mainly_legible
0490,marble,fair,fair,poor,poor,3_falling_apart_incomplete_recognizable,4_traces
0491,marble,fair,fair,fair,fair,3_falling_apart_incomplete_recognizable,3_mainly_legible
0492,slate,fair,good,good,good,1_sound_in_situ_or_leaning,2_all_legible
0493,slate,good,good,good,good,1_sound_in_situ_or_leaning,2_all_legible
0494,slate,good,good,good,good,1_sound_in_situ_or_leaning,2_all_legible
0495,slate,good,good,good,good,1_sound_in_situ_or_leaning,2_all_legible
0496,slate,good,good,good,good,1_sound_in_situ_or_leaning,2_all_legible
0497,slate,good,good,good,fair,1_sound_in_situ_or_leaning,3_mainly_legible
0498,marble,fair,good,poor,poor,1_sound_in_situ_or_leaning,4_traces
0499,,,gone,,,6_in_sterling_no_longer_identifiable_on_site,
0500,slate,good,good,good,good,1_sound_in_situ_or_leaning,2_all_legible
0501,slate,good,fair,good,fair,3_falling_apart_incomplete_recognizable,3_mainly_legible
0502,slate,fair,fair,good,poor,3_falling_apart_incomplete_recognizable,4_traces
0503,,,gone,,,6_in_sterling_no_longer_identifiable_on_site,
0504,granite,good,good,good,good,1_sound_in_situ_or_leaning,1_mint
0505,slate,good,gone,good,,6_in_sterling_no_longer_identifiable_on_site,
0506,slate,good,good,good,poor,1_sound_in_situ_or_leaning,4_traces
0507,slate,fair,fair,good,poor,3_falling_apart_incomplete_recognizable,4_traces
0508,marble,good,good,good,good,1_sound_in_situ_or_leaning,2_all_legible
0509,,,gone,,,6_in_sterling_no_longer_identifiable_on_site,
0510,,,gone,,,6_in_sterling_no_longer_identifiable_on_site,
0511,marble,fair,good,poor,poor,1_sound_in_situ_or_leaning,5_illegible_destroyed
0512,marble,fair,gone,poor,,6_in_sterling_no_longer_identifiable_on_site,
0513,marble,,good,,poor,2_sound_displaced,4_traces
0514,,,gone,,,6_in_sterling_no_longer_identifiable_on_site,
0515,marble,fair,good,poor,poor,1_sound_in_situ_or_leaning,5_illegible_destroyed
0516,marble,fair,good,poor,poor,1_sound_in_situ_or_leaning,5_illegible_destroyed
0517,marble,fair,good,fair,poor,1_sound_in_situ_or_leaning,4_traces
0518,marble,fair,poor,fair,poor,4_collapsed_form_unknown,5_illegible_destroyed
0519,slate,good,good,good,good,1_sound_in_situ_or_leaning,1_mint
0520,slate,good,good,good,good,1_sound_in_situ_or_leaning,1_mint
0521,slate,good,good,good,fair,1_sound_in_situ_or_leaning,3_mainly_legible
0522,marble,poor,fair,fair,poor,3_falling_apart_incomplete_recognizable,5_illegible_destroyed
0523,slate,good,good,good,fair,1_sound_in_situ_or_leaning,3_mainly_legible
0524,slate,good,good,good,good,1_sound_in_situ_or_leaning,2_all_legible
0525,marble,fair,good,poor,poor,1_sound_in_situ_or_leaning,5_illegible_destroyed
0526,marble,fair,good,poor,poor,1_sound_in_situ_or_leaning,5_illegible_destroyed
0527,marble,poor,fair,poor,poor,3_falling_apart_incomplete_recognizable,5_illegible_destroyed
0528,slate,good,good,good,fair,1_sound_in_situ_or_leaning,3_mainly_legible
0529,slate,good,good,good,good,1_sound_in_situ_or_leaning,2_all_legible
0530,slate,good,good,good,good,1_sound_in_situ_or_leaning,2_all_legible
0531,slate,good,gone,good,,6_in_sterling_no_longer_identifiable_on_site,
0532,slate,poor,fair,good,good,3_falling_apart_incomplete_recognizable,2_all_legible
0533,marble,poor,poor,poor,poor,4_collapsed_form_unknown,5_illegible_destroyed
0534,slate,good,good,good,good,1_sound_in_situ_or_leaning,2_all_legible
0535,marble,good,good,good,fair,2_sound_displaced,3_mainly_legible
0536,marble,fair,good,poor,fair,1_sound_in_situ_or_leaning,3_mainly_legible
0537,marble,fair,good,fair,fair,1_sound_in_situ_or_leaning,3_mainly_legible
0538,marble,fair,good,fair,fair,1_sound_in_situ_or_leaning,3_mainly_legible
0539,marble,good,good,good,fair,1_sound_in_situ_or_leaning,3_mainly_legible
0540,marble,fair,good,poor,poor,1_sound_in_situ_or_leaning,4_traces
0541,marble,fair,fair,poor,poor,3_falling_apart_incomplete_recognizable,4_traces
0542,,,gone,,,6_in_sterling_no_longer_identifiable_on_site,
0543,slate,fair,gone,poor,,6_in_sterling_no_longer_identifiable_on_site,
0544,slate,fair,gone,good,,6_in_sterling_no_longer_identifiable_on_site,
0545,slate,good,good,good,good,1_sound_in_situ_or_leaning,2_all_legible
0546,slate,good,good,good,good,1_sound_in_situ_or_leaning,2_all_legible
0547,marble,poor,good,poor,poor,1_sound_in_situ_or_leaning,4_traces
0548,marble,poor,fair,fair,fair,3_falling_apart_incomplete_recognizable,3_mainly_legible
0549,slate,good,good,good,good,1_sound_in_situ_or_leaning,2_all_legible
0550,marble,fair,good,poor,fair,1_sound_in_situ_or_leaning,3_mainly_legible
0551,marble,fair,gone,poor,,6_in_sterling_no_longer_identifiable_on_site,
0552,granite,good,good,good,good,1_sound_in_situ_or_leaning,1_mint
0553,marble,poor,fair,fair,fair,3_falling_apart_incomplete_recognizable,3_mainly_legible
0554,marble,fair,good,poor,good,2_sound_displaced,1_mint
0555,marble,fair,good,poor,fair,2_sound_displaced,3_mainly_legible
0556,slate,fair,good,good,fair,1_sound_in_situ_or_leaning,3_mainly_legible
0557,marble,fair,good,poor,poor,1_sound_in_situ_or_leaning,4_traces
0558,marble,fair,gone,poor,,6_in_sterling_no_longer_identifiable_on_site,
0559,marble,fair,good,fair,fair,1_sound_in_situ_or_leaning,3_mainly_legible
0560,marble,fair,good,good,fair,1_sound_in_situ_or_leaning,3_mainly_legible
0561,marble,fair,good,poor,poor,2_sound_displaced,4_traces
0562,marble,fair,good,poor,fair,2_sound_displaced,3_mainly_legible
0563,marble,fair,good,fair,poor,2_sound_displaced,4_traces
0564,marble,good,good,good,fair,2_sound_displaced,3_mainly_legible
0565,marble,good,good,good,fair,2_sound_displaced,3_mainly_legible
0566,marble,fair,good,good,good,1_sound_in_situ_or_leaning,1_mint
0567,slate,good,good,good,good,1_sound_in_situ_or_leaning,2_all_legible
0568,slate,good,good,good,good,1_sound_in_situ_or_leaning,1_mint
0569,marble,fair,good,poor,poor,1_sound_in_situ_or_leaning,4_traces
0570,marble,poor,good,good,fair,2_sound_displaced,3_mainly_legible
0571,,,gone,,,6_in_sterling_no_longer_identifiable_on_site,
0572,slate,good,good,good,good,1_sound_in_situ_or_leaning,1_mint
0573,slate,fair,poor,good,unknown,5_overgrown,6_face_down
0574,,,gone,,,6_in_sterling_no_longer_identifiable_on_site,
0575,slate,good,good,good,fair,1_sound_in_situ_or_leaning,3_mainly_legible
0576,marble,fair,good,poor,poor,1_sound_in_situ_or_leaning,4_traces
0577,granite,good,good,good,good,1_sound_in_situ_or_leaning,1_mint
0578,sandstone,fair,good,poor,fair,1_sound_in_situ_or_leaning,3_mainly_legible
0579,sandstone,poor,good,poor,poor,2_sound_displaced,4_traces
0580,sandstone,poor,good,poor,fair,2_sound_displaced,3_mainly_legible
0581,granite,good,good,good,good,1_sound_in_situ_or_leaning,1_mint
0582,slate,good,good,fair,fair,1_sound_in_situ_or_leaning,3_mainly_legible
0583,slate,poor,fair,,good,3_falling_apart_incomplete_recognizable,2_all_legible
0584,slate,good,good,good,good,1_sound_in_situ_or_leaning,2_all_legible
0585,slate,good,good,good,good,1_sound_in_situ_or_leaning,2_all_legible
0586,slate,good,good,good,good,1_sound_in_situ_or_leaning,2_all_legible
0587,,,gone,,,6_in_sterling_no_longer_identifiable_on_site,
0588,marble,fair,good,poor,fair,1_sound_in_situ_or_leaning,3_mainly_legible
0589,marble,fair,good,poor,fair,2_sound_displaced,3_mainly_legible
0590,marble,fair,good,poor,poor,2_sound_displaced,4_traces
0591,granite,good,good,good,good,1_sound_in_situ_or_leaning,1_mint
0592,marble,fair,fair,poor,poor,3_falling_apart_incomplete_recognizable,4_traces
0593,marble,fair,good,poor,poor,1_sound_in_situ_or_leaning,4_traces
0594,marble,fair,fair,fair,poor,3_falling_apart_incomplete_recognizable,4_traces
0595,marble,poor,good,poor,poor,2_sound_displaced,4_traces
0596,marble,fair,good,fair,fair,2_sound_displaced,3_mainly_legible
0597,granite,good,good,good,good,1_sound_in_situ_or_leaning,1_mint
0598,,,gone,,,6_in_sterling_no_longer_identifiable_on_site,
0599,granite,good,good,good,good,1_sound_in_situ_or_leaning,2_all_legible
0600,granite,good,good,good,good,1_sound_in_situ_or_leaning,2_all_legible
0601,slate,good,good,good,good,1_sound_in_situ_or_leaning,2_all_legible
0602,slate,good,good,good,fair,1_sound_in_situ_or_leaning,3_mainly_legible
0603,marble,fair,good,poor,poor,1_sound_in_situ_or_leaning,4_traces
0604,slate,good,good,good,good,1_sound_in_situ_or_leaning,2_all_legible
0605,slate,good,good,good,good,1_sound_in_situ_or_leaning,2_all_legible
0606,slate,fair,fair,good,good,3_falling_apart_incomplete_recognizable,2_all_legible
0607,,,gone,,,6_in_sterling_no_longer_identifiable_on_site,
0608,slate,good,good,good,good,1_sound_in_situ_or_leaning,2_all_legible
0609,slate,good,good,good,fair,1_sound_in_situ_or_leaning,3_mainly_legible
0610,marble,fair,fair,poor,fair,3_falling_apart_incomplete_recognizable,3_mainly_legible
0611,,,gone,,,6_in_sterling_no_longer_identifiable_on_site,
0612,marble,fair,good,poor,poor,2_sound_displaced,4_traces
0613,marble,fair,good,poor,poor,1_sound_in_situ_or_leaning,4_traces
0614,marble,poor,good,poor,poor,1_sound_in_situ_or_leaning,5_illegible_destroyed
0615,marble,poor,good,poor,poor,1_sound_in_situ_or_leaning,4_traces
0616,marble,poor,good,poor,poor,1_sound_in_situ_or_leaning,4_traces
0617,marble,poor,good,poor,poor,1_sound_in_situ_or_leaning,5_illegible_destroyed
0618,sandstone,poor,fair,poor,poor,3_falling_apart_incomplete_recognizable,5_illegible_destroyed
0619,sandstone,poor,gone,,,6_in_sterling_no_longer_identifiable_on_site,
0620,marble,fair,good,poor,poor,1_sound_in_situ_or_leaning,4_traces
0621,,,good,,poor,1_sound_in_situ_or_leaning,5_illegible_destroyed
0622,slate,good,good,good,fair,1_sound_in_situ_or_leaning,3_mainly_legible
0623,slate,good,good,good,fair,1_sound_in_situ_or_leaning,3_mainly_legible
0624,slate,good,good,good,poor,1_sound_in_situ_or_leaning,4_traces
0625,slate,good,good,good,fair,1_sound_in_situ_or_leaning,3_mainly_legible
0626,,,gone,,,6_in_sterling_no_longer_identifiable_on_site,
0627,marble,good,good,fair,poor,2_sound_displaced,4_traces
0628,marble,good,good,fair,fair,1_sound_in_situ_or_leaning,3_mainly_legible
0629,marble,fair,good,poor,fair,1_sound_in_situ_or_leaning,3_mainly_legible
0630,marble,fair,good,poor,fair,1_sound_in_situ_or_leaning,3_mainly_legible
0631,marble,fair,good,poor,good,1_sound_in_situ_or_leaning,2_all_legible
0632,marble,fair,good,poor,good,1_sound_in_situ_or_leaning,2_all_legible
0633,marble,fair,good,poor,good,2_sound_displaced,2_all_legible
0634,marble,fair,good,poor,fair,1_sound_in_situ_or_leaning,3_mainly_legible
0635,granite,good,fair,good,good,3_falling_apart_incomplete_recognizable,1_mint
0636,granite,good,good,good,good,1_sound_in_situ_or_leaning,1_mint
0637,granite,good,good,good,good,1_sound_in_situ_or_leaning,1_mint
0638,,,gone,,,6_in_sterling_no_longer_identifiable_on_site,
0639,slate,good,good,good,good,1_sound_in_situ_or_leaning,1_mint
0640,marble,fair,good,poor,poor,1_sound_in_situ_or_leaning,4_traces
0641,,,gone,,,6_in_sterling_no_longer_identifiable_on_site,
0642,marble,fair,good,poor,fair,1_sound_in_situ_or_leaning,3_mainly_legible
0643,marble,fair,fair,poor,unknown,3_falling_apart_incomplete_recognizable,6_face_down
0644,,,gone,,,6_in_sterling_no_longer_identifiable_on_site,
0645,marble,good,good,good,good,1_sound_in_situ_or_leaning,2_all_legible
0646,,,gone,,,6_in_sterling_no_longer_identifiable_on_site,
0647,marble,good,good,good,good,1_sound_in_situ_or_leaning,2_all_legible
0648,granite,good,good,good,good,1_sound_in_situ_or_leaning,1_mint
0649,granite,good,good,good,good,1_sound_in_situ_or_leaning,1_mint
0650,marble,fair,good,poor,unknown,1_sound_in_situ_or_leaning,6_face_down
0651,slate,good,good,good,good,1_sound_in_situ_or_leaning,2_all_legible
0652,marble,good,good,fair,good,1_sound_in_situ_or_leaning,2_all_legible
0653,marble,good,good,fair,unknown,2_sound_displaced,6_face_down
0654,slate,good,good,good,good,1_sound_in_situ_or_leaning,2_all_legible
0655,slate,good,good,good,good,1_sound_in_situ_or_leaning,1_mint
0656,marble,good,good,good,good,1_sound_in_situ_or_leaning,1_mint
0657,marble,fair,good,good,good,2_sound_displaced,1_mint
0658,marble,good,good,good,good,1_sound_in_situ_or_leaning,1_mint
0659,marble,good,good,good,good,1_sound_in_situ_or_leaning,2_all_legible
0660,marble,fair,gone,poor,,6_in_sterling_no_longer_identifiable_on_site,
0661,marble,fair,gone,fair,,6_in_sterling_no_longer_identifiable_on_site,
0662,marble,fair,good,fair,fair,2_sound_displaced,3_mainly_legible
0663,marble,fair,gone,poor,,6_in_sterling_no_longer_identifiable_on_site,
0664,marble,fair,good,fair,poor,2_sound_displaced,4_traces
0665,marble,poor,good,fair,poor,2_sound_displaced,5_illegible_destroyed
0666,marble,fair,good,fair,fair,1_sound_in_situ_or_leaning,3_mainly_legible
0667,slate,good,good,good,good,1_sound_in_situ_or_leaning,1_mint
0668,slate,poor,gone,poor,,6_in_sterling_no_longer_identifiable_on_site,
0669,granite,good,good,good,good,1_sound_in_situ_or_leaning,1_mint
0670,granite,good,good,good,good,1_sound_in_situ_or_leaning,1_mint
0671,slate,good,good,good,good,1_sound_in_situ_or_leaning,1_mint
0672,slate,good,good,good,good,1_sound_in_situ_or_leaning,1_mint
0673,marble,fair,good,poor,poor,1_sound_in_situ_or_leaning,5_illegible_destroyed
0674,marble,good,good,good,unknown,2_sound_displaced,6_face_down
0675,marble,fair,good,poor,unknown,2_sound_displaced,6_face_down
0676,granite,good,gone,good,,6_in_sterling_no_longer_identifiable_on_site,
0677,,,gone,,,6_in_sterling_no_longer_identifiable_on_site,
0678,,,good,,poor,1_sound_in_situ_or_leaning,5_illegible_destroyed
0679,marble,poor,good,poor,poor,2_sound_displaced,4_traces
0680,marble,poor,good,poor,fair,1_sound_in_situ_or_leaning,3_mainly_legible
0681,marble,fair,good,poor,fair,2_sound_displaced,3_mainly_legible
0682,marble,fair,good,poor,good,1_sound_in_situ_or_leaning,1_mint
0683,granite,good,good,good,poor,2_sound_displaced,5_illegible_destroyed
0684,marble,poor,good,poor,poor,1_sound_in_situ_or_leaning,5_illegible_destroyed
0685,marble,fair,good,fair,good,2_sound_displaced,2_all_legible
0686,slate,good,good,good,fair,1_sound_in_situ_or_leaning,3_mainly_legible
0687,slate,good,good,good,good,1_sound_in_situ_or_leaning,2_all_legible
0688,marble,good,fair,good,unknown,3_falling_apart_incomplete_recognizable,6_face_down
0689,marble,good,fair,good,unknown,3_falling_apart_incomplete_recognizable,6_face_down
0690,slate,good,fair,good,good,3_falling_apart_incomplete_recognizable,2_all_legible
0691,slate,good,good,good,good,2_sound_displaced,1_mint
0692,slate,good,good,good,good,1_sound_in_situ_or_leaning,1_mint
0693,slate,good,good,good,good,1_sound_in_situ_or_leaning,1_mint
0694,slate,good,good,good,good,2_sound_displaced,1_mint
0695,slate,good,good,good,good,1_sound_in_situ_or_leaning,1_mint
0696,slate,good,good,good,good,2_sound_displaced,1_mint
0697,slate,,gone,,,6_in_sterling_no_longer_identifiable_on_site,
0698,slate,,gone,,,6_in_sterling_no_longer_identifiable_on_site,
0699,slate,good,good,good,good,1_sound_in_situ_or_leaning,1_mint
0700,marble,fair,good,fair,unknown,2_sound_displaced,6_face_down
0701,slate,good,good,good,good,1_sound_in_situ_or_leaning,1_mint
0702,slate,good,good,good,good,1_sound_in_situ_or_leaning,1_mint
0703,slate,fair,good,good,fair,1_sound_in_situ_or_leaning,3_mainly_legible
0704,slate,poor,gone,poor,,6_in_sterling_no_longer_identifiable_on_site,
0705,slate,good,good,good,poor,1_sound_in_situ_or_leaning,4_traces
0706,slate,good,good,good,good,1_sound_in_situ_or_leaning,1_mint
0707,slate,good,good,good,good,2_sound_displaced,1_mint
0708,slate,good,good,good,good,2_sound_displaced,1_mint
0709,slate,good,good,good,good,2_sound_displaced,1_mint
0710,slate,poor,good,poor,fair,2_sound_displaced,3_mainly_legible
0711,slate,good,good,good,good,1_sound_in_situ_or_leaning,1_mint
0712,marble,fair,good,good,good,1_sound_in_situ_or_leaning,2_all_legible
0713,slate,good,good,good,good,1_sound_in_situ_or_leaning,1_mint
0714,slate,good,good,good,good,1_sound_in_situ_or_leaning,1_mint
0715,granite,good,good,good,good,1_sound_in_situ_or_leaning,1_mint
0716,,,gone,,,6_in_sterling_no_longer_identifiable_on_site,
0717,slate,good,good,good,fair,1_sound_in_situ_or_leaning,3_mainly_legible
0718,marble,fair,fair,fair,fair,3_falling_apart_incomplete_recognizable,3_mainly_legible
0719,marble,fair,good,poor,poor,2_sound_displaced,5_illegible_destroyed
0720,marble,fair,good,fair,poor,1_sound_in_situ_or_leaning,4_traces
0721,marble,fair,fair,fair,poor,3_falling_apart_incomplete_recognizable,4_traces
0722,marble,fair,good,fair,fair,2_sound_displaced,3_mainly_legible
0723,marble,poor,good,poor,poor,1_sound_in_situ_or_leaning,4_traces
0724,marble,poor,fair,fair,fair,3_falling_apart_incomplete_recognizable,3_mainly_legible
0725,marble,good,good,good,good,1_sound_in_situ_or_leaning,1_mint
0726,marble,fair,good,poor,poor,1_sound_in_situ_or_leaning,4_traces
0727,marble,fair,good,fair,good,1_sound_in_situ_or_leaning,2_all_legible
0728,marble,fair,good,fair,good,1_sound_in_situ_or_leaning,2_all_legible
0729,marble,good,good,good,good,1_sound_in_situ_or_leaning,1_mint
0730,marble,good,good,good,good,1_sound_in_situ_or_leaning,1_mint
0731,marble,fair,good,poor,poor,1_sound_in_situ_or_leaning,4_traces
0732,marble,fair,good,poor,poor,1_sound_in_situ_or_leaning,4_traces
0733,marble,fair,good,poor,poor,1_sound_in_situ_or_leaning,5_illegible_destroyed
0734,slate,poor,good,poor,fair,1_sound_in_situ_or_leaning,3_mainly_legible
0735,slate,fair,good,fair,good,1_sound_in_situ_or_leaning,2_all_legible
0736,marble,good,good,fair,good,1_sound_in_situ_or_leaning,2_all_legible
0737,marble,fair,good,poor,poor,1_sound_in_situ_or_leaning,4_traces
0738,marble,good,good,good,good,1_sound_in_situ_or_leaning,2_all_legible
0739,marble,fair,good,poor,poor,1_sound_in_situ_or_leaning,4_traces
0740,slate,good,good,good,good,1_sound_in_situ_or_leaning,2_all_legible
0741,slate,good,good,good,good,1_sound_in_situ_or_leaning,2_all_legible
0742,marble,good,good,good,fair,1_sound_in_situ_or_leaning,3_mainly_legible
0743,marble,fair,good,fair,good,1_sound_in_situ_or_leaning,2_all_legible
0744,marble,fair,good,fair,good,1_sound_in_situ_or_leaning,2_all_legible
0745,granite,good,good,good,good,1_sound_in_situ_or_leaning,1_mint
0746,slate,good,good,good,good,1_sound_in_situ_or_leaning,1_mint
0747,slate,good,good,good,good,1_sound_in_situ_or_leaning,1_mint
0748,slate,good,good,good,good,1_sound_in_situ_or_leaning,1_mint
0749,slate,fair,good,good,good,1_sound_in_situ_or_leaning,2_all_legible
0750,slate,good,gone,good,,6_in_sterling_no_longer_identifiable_on_site,
0751,slate,good,good,good,good,1_sound_in_situ_or_leaning,1_mint
0752,slate,,poor,,unknown,5_overgrown,6_face_down
0753,slate,good,good,good,good,1_sound_in_situ_or_leaning,1_mint
0754,slate,good,good,good,good,1_sound_in_situ_or_leaning,1_mint
0755,slate,good,good,good,good,1_sound_in_situ_or_leaning,1_mint
0756,slate,good,good,good,good,1_sound_in_situ_or_leaning,1_mint
0757,slate,poor,poor,good,poor,4_collapsed_form_unknown,4_traces
0758,slate,good,good,good,good,1_sound_in_situ_or_leaning,1_mint
0759,slate,good,good,good,good,1_sound_in_situ_or_leaning,1_mint
0760,slate,poor,good,good,poor,1_sound_in_situ_or_leaning,4_traces
0761,slate,good,good,good,good,2_sound_displaced,2_all_legible
0762,slate,fair,good,fair,good,1_sound_in_situ_or_leaning,2_all_legible
0763,marble,fair,good,fair,poor,1_sound_in_situ_or_leaning,4_traces
0764,marble,good,good,fair,unknown,3_falling_apart_incomplete_recognizable,6_face_down
0765,marble,good,good,good,good,1_sound_in_situ_or_leaning,2_all_legible
0766,,,gone,,,6_in_sterling_no_longer_identifiable_on_site,
0767,slate,good,good,good,good,1_sound_in_situ_or_leaning,2_all_legible
0768,slate,good,good,good,good,1_sound_in_situ_or_leaning,2_all_legible
0769,slate,good,good,good,good,1_sound_in_situ_or_leaning,1_mint
0770,marble,poor,good,fair,poor,2_sound_displaced,5_illegible_destroyed
0771,slate,good,good,good,good,1_sound_in_situ_or_leaning,1_mint
0772,slate,good,good,good,good,1_sound_in_situ_or_leaning,1_mint
0773,slate,good,good,fair,good,1_sound_in_situ_or_leaning,2_all_legible
0774,slate,good,good,good,good,1_sound_in_situ_or_leaning,2_all_legible
0775,slate,good,good,good,good,1_sound_in_situ_or_leaning,1_mint
0776,slate,good,good,good,good,1_sound_in_situ_or_leaning,1_mint
0777,slate,good,good,good,good,1_sound_in_situ_or_leaning,1_mint
0778,slate,good,good,good,good,1_sound_in_situ_or_leaning,1_mint
0779,slate,good,good,good,good,1_sound_in_situ_or_leaning,1_mint
0780,slate,good,good,good,good,1_sound_in_situ_or_leaning,1_mint
0781,slate,good,good,good,good,1_sound_in_situ_or_leaning,2_all_legible
0782,slate,good,good,good,good,2_sound_displaced,2_all_legible
0783,slate,good,good,good,good,1_sound_in_situ_or_leaning,2_all_legible
0784,slate,good,good,good,good,1_sound_in_situ_or_leaning,2_all_legible
0785,slate,good,good,good,good,1_sound_in_situ_or_leaning,2_all_legible
0786,slate,good,good,good,good,1_sound_in_situ_or_leaning,1_mint
0787,slate,good,good,good,good,1_sound_in_situ_or_leaning,2_all_legible
0788,slate,good,good,good,fair,1_sound_in_situ_or_leaning,3_mainly_legible
0789,marble,fair,good,good,fair,1_sound_in_situ_or_leaning,3_mainly_legible
0790,marble,,good,,poor,1_sound_in_situ_or_leaning,4_traces
0791,slate,good,good,good,good,1_sound_in_situ_or_leaning,1_mint
0792,slate,good,good,good,good,1_sound_in_situ_or_leaning,1_mint
0793,slate,good,good,good,good,1_sound_in_situ_or_leaning,1_mint
0794,granite,good,good,good,good,1_sound_in_situ_or_leaning,1_mint
0795,granite,good,good,good,good,1_sound_in_situ_or_leaning,1_mint
0796,slate,good,good,good,good,1_sound_in_situ_or_leaning,2_all_legible
0797,slate,good,good,good,good,1_sound_in_situ_or_leaning,2_all_legible
0798,slate,good,good,good,good,1_sound_in_situ_or_leaning,2_all_legible
0799,slate,good,good,good,good,1_sound_in_situ_or_leaning,2_all_legible
0800,marble,fair,good,fair,fair,1_sound_in_situ_or_leaning,3_mainly_legible
0801,marble,poor,good,poor,poor,1_sound_in_situ_or_leaning,4_traces
0802,marble,fair,good,good,fair,2_sound_displaced,3_mainly_legible
0803,marble,fair,good,fair,poor,1_sound_in_situ_or_leaning,4_traces
0804,marble,fair,good,fair,fair,1_sound_in_situ_or_leaning,3_mainly_legible
0805,marble,good,good,good,poor,1_sound_in_situ_or_leaning,4_traces
0806,marble,good,good,good,fair,1_sound_in_situ_or_leaning,3_mainly_legible
0807,marble,good,good,good,fair,1_sound_in_situ_or_leaning,3_mainly_legible
0808,marble,good,good,good,fair,1_sound_in_situ_or_leaning,3_mainly_legible
0809,marble,good,good,good,good,1_sound_in_situ_or_leaning,2_all_legible
0810,slate,good,good,good,good,1_sound_in_situ_or_leaning,2_all_legible
0811,slate,good,good,good,good,1_sound_in_situ_or_leaning,1_mint
0812,slate,good,good,good,good,1_sound_in_situ_or_leaning,2_all_legible
0813,slate,good,good,good,good,1_sound_in_situ_or_leaning,1_mint
0814,slate,fair,good,good,good,1_sound_in_situ_or_leaning,2_all_legible
0815,slate,good,good,good,good,1_sound_in_situ_or_leaning,2_all_legible
0816,granite,good,good,good,good,1_sound_in_situ_or_leaning,1_mint
0817,slate,good,fair,good,good,3_falling_apart_incomplete_recognizable,1_mint
0818,marble,poor,good,poor,poor,1_sound_in_situ_or_leaning,5_illegible_destroyed
0819,marble,poor,good,poor,fair,2_sound_displaced,3_mainly_legible
0820,,,gone,,,6_in_sterling_no_longer_identifiable_on_site,
0821,marble,good,gone,good,,6_in_sterling_no_longer_identifiable_on_site,
0822,marble,good,good,good,fair,1_sound_in_situ_or_leaning,3_mainly_legible
0823,marble,poor,good,fair,unknown,2_sound_displaced,6_face_down
0824,marble,poor,good,fair,fair,1_sound_in_situ_or_leaning,3_mainly_legible
0825,,,gone,,,6_in_sterling_no_longer_identifiable_on_site,
0826,marble,poor,good,good,fair,1_sound_in_situ_or_leaning,3_mainly_legible
0827,,,gone,,,6_in_sterling_no_longer_identifiable_on_site,
0828,marble,fair,good,fair,poor,1_sound_in_situ_or_leaning,4_traces
0829,marble,fair,good,good,good,1_sound_in_situ_or_leaning,2_all_legible
0830,granite,good,good,good,good,1_sound_in_situ_or_leaning,1_mint
0831,marble,poor,good,poor,poor,1_sound_in_situ_or_leaning,5_illegible_destroyed
0832,marble,fair,good,fair,poor,2_sound_displaced,5_illegible_destroyed
0833,slate,fair,gone,good,,6_in_sterling_no_longer_identifiable_on_site,
0834,slate,good,good,good,fair,1_sound_in_situ_or_leaning,3_mainly_legible
0835,marble,good,good,fair,fair,2_sound_displaced,3_mainly_legible
0836,marble,good,good,fair,fair,1_sound_in_situ_or_leaning,3_mainly_legible
0837,marble,fair,good,poor,poor,1_sound_in_situ_or_leaning,4_traces
0838,slate,good,good,good,fair,1_sound_in_situ_or_leaning,3_mainly_legible
0839,marble,fair,good,fair,good,1_sound_in_situ_or_leaning,2_all_legible
0840,marble,fair,good,fair,poor,1_sound_in_situ_or_leaning,4_traces
0841,marble,fair,good,fair,poor,1_sound_in_situ_or_leaning,4_traces
0842,granite,good,good,good,good,1_sound_in_situ_or_leaning,1_mint
0843,granite,good,good,good,good,1_sound_in_situ_or_leaning,2_all_legible
0844,granite,good,good,good,good,1_sound_in_situ_or_leaning,2_all_legible
0845,granite,good,good,good,good,1_sound_in_situ_or_leaning,2_all_legible
0846,granite,good,good,good,good,1_sound_in_situ_or_leaning,1_mint
0847,slate,good,good,good,good,1_sound_in_situ_or_leaning,1_mint
0848,marble,fair,fair,fair,poor,3_falling_apart_incomplete_recognizable,4_traces
0849,marble,good,good,poor,fair,2_sound_displaced,3_mainly_legible
0850,marble,fair,good,fair,good,1_sound_in_situ_or_leaning,2_all_legible
0851,marble,good,good,fair,poor,1_sound_in_situ_or_leaning,4_traces
0852,marble,good,good,good,fair,2_sound_displaced,3_mainly_legible
0853,marble,good,good,good,fair,2_sound_displaced,3_mainly_legible
0854,slate,good,good,good,good,2_sound_displaced,2_all_legible
0855,slate,good,good,good,good,1_sound_in_situ_or_leaning,2_all_legible
0856,,,gone,,,6_in_sterling_no_longer_identifiable_on_site,
0857,slate,good,good,good,good,1_sound_in_situ_or_leaning,2_all_legible
0858,slate,good,good,good,good,1_sound_in_situ_or_leaning,1_mint
0859,slate,good,good,good,fair,1_sound_in_situ_or_leaning,3_mainly_legible
0860,marble,fair,poor,poor,poor,4_collapsed_form_unknown,4_traces
0861,marble,fair,poor,poor,poor,4_collapsed_form_unknown,4_traces
0862,marble,fair,good,fair,good,1_sound_in_situ_or_leaning,2_all_legible
0863,marble,fair,good,fair,good,1_sound_in_situ_or_leaning,2_all_legible
0864,sandstone,poor,good,poor,poor,1_sound_in_situ_or_leaning,5_illegible_destroyed
0865,marble,poor,good,poor,poor,1_sound_in_situ_or_leaning,4_traces
0866,marble,poor,good,poor,poor,1_sound_in_situ_or_leaning,4_traces
0867,marble,fair,gone,poor,,6_in_sterling_no_longer_identifiable_on_site,
0868,marble,good,good,good,fair,1_sound_in_situ_or_leaning,3_mainly_legible
0869,marble,good,poor,good,unknown,4_collapsed_form_unknown,6_face_down
0870,marble,fair,good,good,good,1_sound_in_situ_or_leaning,2_all_legible
0871,marble,fair,good,fair,good,1_sound_in_situ_or_leaning,2_all_legible
0872,marble,fair,fair,poor,poor,3_falling_apart_incomplete_recognizable,4_traces
0873,marble,fair,good,fair,poor,1_sound_in_situ_or_leaning,5_illegible_destroyed
0874,marble,fair,good,fair,poor,1_sound_in_situ_or_leaning,4_traces
0875,marble,fair,good,fair,good,1_sound_in_situ_or_leaning,2_all_legible
0876,granite,good,good,good,good,1_sound_in_situ_or_leaning,2_all_legible
0877,granite,good,good,good,good,1_sound_in_situ_or_leaning,1_mint
0878,slate,good,good,good,good,1_sound_in_situ_or_leaning,2_all_legible
0879,marble,good,good,good,good,1_sound_in_situ_or_leaning,2_all_legible
0880,slate,good,good,good,good,1_sound_in_situ_or_leaning,2_all_legible
0881,slate,good,good,good,good,1_sound_in_situ_or_leaning,2_all_legible
0882,slate,good,good,good,good,1_sound_in_situ_or_leaning,2_all_legible
0883,slate,good,good,good,good,1_sound_in_situ_or_leaning,2_all_legible
0884,,,gone,,,6_in_sterling_no_longer_identifiable_on_site,
0885,slate,good,good,good,fair,1_sound_in_situ_or_leaning,3_mainly_legible
0886,slate,good,good,good,good,1_sound_in_situ_or_leaning,2_all_legible
0887,marble,poor,good,fair,poor,1_sound_in_situ_or_leaning,4_traces
0888,marble,fair,good,fair,poor,2_sound_displaced,4_traces
0889,marble,fair,good,fair,fair,1_sound_in_situ_or_leaning,3_mainly_legible
0890,marble,fair,fair,fair,fair,3_falling_apart_incomplete_recognizable,3_mainly_legible
0891,marble,poor,poor,poor,fair,5_overgrown,3_mainly_legible
0892,marble,poor,fair,poor,poor,3_falling_apart_incomplete_recognizable,4_traces
0893,marble,fair,good,good,fair,2_sound_displaced,3_mainly_legible
0894,granite,good,good,good,good,1_sound_in_situ_or_leaning,2_all_legible
0895,granite,good,good,good,good,1_sound_in_situ_or_leaning,2_all_legible
0896,marble,good,good,good,good,1_sound_in_situ_or_leaning,2_all_legible
0897,marble,good,good,fair,fair,1_sound_in_situ_or_leaning,3_mainly_legible
0898,marble,fair,good,poor,poor,2_sound_displaced,4_traces
0899,marble,fair,good,poor,fair,1_sound_in_situ_or_leaning,3_mainly_legible
0900,marble,fair,good,poor,fair,2_sound_displaced,3_mainly_legible
0901,marble,fair,good,poor,fair,2_sound_displaced,3_mainly_legible
0902,marble,good,good,good,good,2_sound_displaced,2_all_legible
0903,marble,good,fair,good,good,3_falling_apart_incomplete_recognizable,2_all_legible
0904,,,gone,,,6_in_sterling_no_longer_identifiable_on_site,
0905,marble,fair,good,poor,poor,1_sound_in_situ_or_leaning,4_traces
0906,marble,good,good,good,good,1_sound_in_situ_or_leaning,2_all_legible
0907,marble,good,good,good,fair,1_sound_in_situ_or_leaning,3_mainly_legible
0908,slate,good,good,good,good,1_sound_in_situ_or_leaning,2_all_legible
0909,slate,good,good,good,good,1_sound_in_situ_or_leaning,2_all_legible
0910,slate,good,good,good,good,1_sound_in_situ_or_leaning,2_all_legible
0911,slate,good,good,good,good,1_sound_in_situ_or_leaning,2_all_legible
0912,slate,good,fair,good,fair,3_falling_apart_incomplete_recognizable,3_mainly_legible
0913,slate,good,poor,good,fair,5_overgrown,3_mainly_legible
0914,slate,good,good,good,good,1_sound_in_situ_or_leaning,2_all_legible
0915,slate,good,good,good,fair,1_sound_in_situ_or_leaning,3_mainly_legible
0916,,,gone,,,6_in_sterling_no_longer_identifiable_on_site,
0917,marble,fair,good,fair,unknown,2_sound_displaced,6_face_down
0918,marble,poor,gone,poor,,6_in_sterling_no_longer_identifiable_on_site,
0919,,,poor,,unknown,4_collapsed_form_unknown,6_face_down
0920,granite,good,gone,good,,6_in_sterling_no_longer_identifiable_on_site,
0921,,,gone,,,6_in_sterling_no_longer_identifiable_on_site,
0922,,,gone,,,6_in_sterling_no_longer_identifiable_on_site,
0923,,,gone,,,6_in_sterling_no_longer_identifiable_on_site,
0924,slate,poor,poor,fair,poor,4_collapsed_form_unknown,5_illegible_destroyed
0925,,,good,,poor,1_sound_in_situ_or_leaning,5_illegible_destroyed
0926,marble,poor,poor,good,poor,5_overgrown,4_traces
0927,slate,good,good,good,fair,1_sound_in_situ_or_leaning,3_mainly_legible
0928,slate,good,good,good,good,1_sound_in_situ_or_leaning,1_mint
0929,slate,good,good,good,good,1_sound_in_situ_or_leaning,1_mint
0930,slate,good,good,good,good,1_sound_in_situ_or_leaning,1_mint
0931,slate,fair,good,good,good,1_sound_in_situ_or_leaning,2_all_legible
0932,slate,good,good,good,good,1_sound_in_situ_or_leaning,1_mint
0933,slate,good,good,good,good,1_sound_in_situ_or_leaning,1_mint
0934,slate,good,good,good,good,1_sound_in_situ_or_leaning,1_mint
0935,slate,good,good,good,good,1_sound_in_situ_or_leaning,1_mint
0936,marble,fair,fair,fair,fair,3_falling_apart_incomplete_recognizable,3_mainly_legible
0937,slate,good,good,good,good,1_sound_in_situ_or_leaning,2_all_legible
0938,slate,good,good,good,good,1_sound_in_situ_or_leaning,1_mint
0939,,,gone,,,6_in_sterling_no_longer_identifiable_on_site,
0940,,,gone,,,6_in_sterling_no_longer_identifiable_on_site,
0941,,,gone,,,6_in_sterling_no_longer_identifiable_on_site,
0942,,,gone,,,6_in_sterling_no_longer_identifiable_on_site,
0943,granite,good,good,good,good,1_sound_in_situ_or_leaning,1_mint
0944,granite,good,good,good,good,1_sound_in_situ_or_leaning,1_mint
0945,marble,good,good,good,good,1_sound_in_situ_or_leaning,2_all_legible
0946,marble,fair,good,fair,poor,1_sound_in_situ_or_leaning,5_illegible_destroyed
0947,,,gone,,,6_in_sterling_no_longer_identifiable_on_site,
0948,slate,good,good,good,good,2_sound_displaced,2_all_legible
0949,marble,poor,fair,fair,fair,3_falling_apart_incomplete_recognizable,3_mainly_legible
0950,marble,poor,fair,fair,fair,3_falling_apart_incomplete_recognizable,3_mainly_legible
0951,marble,good,good,good,good,2_sound_displaced,2_all_legible
0952,,,gone,,,6_in_sterling_no_longer_identifiable_on_site,
0953,,,good,,,1_sound_in_situ_or_leaning,7_never_inscribed
0954,,,gone,,,6_in_sterling_no_longer_identifiable_on_site,
0955,slate,fair,good,good,fair,1_sound_in_situ_or_leaning,3_mainly_legible
0956,slate,good,good,good,good,1_sound_in_situ_or_leaning,2_all_legible
0957,slate,fair,good,fair,good,1_sound_in_situ_or_leaning,2_all_legible
0958,slate,good,good,good,good,2_sound_displaced,1_mint
0959,granite,good,good,good,good,1_sound_in_situ_or_leaning,1_mint
0960,,,gone,,,6_in_sterling_no_longer_identifiable_on_site,
0961,slate,good,gone,good,,6_in_sterling_no_longer_identifiable_on_site,
0962,,,gone,,,6_in_sterling_no_longer_identifiable_on_site,
0963,,,gone,,,6_in_sterling_no_longer_identifiable_on_site,
0964,granite,good,good,good,good,1_sound_in_situ_or_leaning,1_mint
0965,granite,good,good,good,good,1_sound_in_situ_or_leaning,2_all_legible
0966,granite,good,good,good,good,1_sound_in_situ_or_leaning,1_mint
0967,marble,fair,good,poor,poor,1_sound_in_situ_or_leaning,4_traces
0968,marble,good,good,fair,fair,1_sound_in_situ_or_leaning,3_mainly_legible
0969,marble,good,good,poor,good,1_sound_in_situ_or_leaning,2_all_legible
0970,slate,good,good,good,fair,1_sound_in_situ_or_leaning,3_mainly_legible
0971,marble,fair,good,poor,fair,1_sound_in_situ_or_leaning,3_mainly_legible
0972,marble,fair,good,poor,good,1_sound_in_situ_or_leaning,2_all_legible
0973,marble,poor,gone,poor,,6_in_sterling_no_longer_identifiable_on_site,
0974,marble,poor,gone,poor,,6_in_sterling_no_longer_identifiable_on_site,
0975,slate,fair,gone,good,,6_in_sterling_no_longer_identifiable_on_site,
0976,marble,fair,good,poor,poor,1_sound_in_situ_or_leaning,5_illegible_destroyed
0977,marble,poor,good,poor,unknown,2_sound_displaced,6_face_down
0978,granite,good,good,good,good,1_sound_in_situ_or_leaning,1_mint
0979,marble,fair,fair,poor,poor,3_falling_apart_incomplete_recognizable,4_traces
0980,marble,fair,good,poor,poor,1_sound_in_situ_or_leaning,4_traces
0981,granite,good,good,good,good,1_sound_in_situ_or_leaning,1_mint
0982,granite,good,good,good,good,1_sound_in_situ_or_leaning,1_mint
0983,slate,fair,good,fair,fair,2_sound_displaced,3_mainly_legible
0984,,,gone,,,6_in_sterling_no_longer_identifiable_on_site,
0985,granite,good,good,good,good,1_sound_in_situ_or_leaning,1_mint
0986,granite,good,good,good,good,1_sound_in_situ_or_leaning,1_mint
0987,granite,good,good,good,good,1_sound_in_situ_or_leaning,1_mint
0988,granite,good,good,good,good,1_sound_in_situ_or_leaning,1_mint
0989,granite,good,good,good,good,1_sound_in_situ_or_leaning,2_all_legible
0990,granite,good,good,good,good,1_sound_in_situ_or_leaning,1_mint
0991,granite,good,good,good,good,1_sound_in_situ_or_leaning,1_mint
0992,granite,good,good,good,good,1_sound_in_situ_or_leaning,2_all_legible
0993,marble,poor,fair,poor,poor,3_falling_apart_incomplete_recognizable,4_traces
0994,,,gone,,,6_in_sterling_no_longer_identifiable_on_site,
0995,,,gone,,,6_in_sterling_no_longer_identifiable_on_site,
0996,granite,good,good,good,good,1_sound_in_situ_or_leaning,1_mint
0997,granite,good,good,good,good,1_sound_in_situ_or_leaning,1_mint